<?xml version="1.0" encoding="UTF-8"?>
<persons>
    <person id="1">
        <name>套头连帽卫衣女装bf韩版学生秋冬季2016新款加绒中长款宽松上衣潮 </name>
        <price>79</price>
        <detail>均码灰色</detail>
    </person>
    <person id="1">
        <name>Seoul韩国百搭纯色宽松BF风字母印花连帽情侣卫衣 </name>
        <price>76.6</price>
        <detail>L 黑色/加绒</detail>
    </person>
    <person id="1">
        <name>秋韩国定制面料白色开衫质感短款牛仔外套女 长袖夹克上衣 </name>
        <price>159</price>
        <detail>均码白色</detail>
    </person>
    <person id="1">
        <name>韩都衣舍2016韩版女装冬装新款显瘦纯色连帽中长款羽绒服YK5924鲲 </name>
        <price>398</price>
        <detail>M 粉晶色</detail>
    </person>
    <person id="1">
        <name>all in 2016秋冬季 圆领套头卫衣男装 修身韩版潮学生外套长袖T恤 </name>
        <price>98</price>
        <detail>S 黑色</detail>
    </person>
    <person id="1">
        <name>冬季男士长袖T恤韩版加绒卫衣宽松打底衫秋衣男学生衣服潮流男装 </name>
        <price>168</price>
        <detail>XL白色【加绒款】</detail>
    </person>
    <person id="1">
        <name>原创设计3D压印骷髅FUNK太空棉贴皮袖棒球服夹克男秋冬修身外套潮 </name>
        <price>180</price>
        <detail>L 黑色</detail>
    </person>
    <person id="1">
        <name>BJHG秋冬欧美MA-1迷彩做旧棒球服加厚棉服潮男生青年短款棉衣外套 </name>
        <price>158</price>
        <detail>2XL 迷彩</detail>
    </person>
    <person id="2">
        <name>2016新款韩版复古单肩女包迷你小方包风琴包简约手提包小包斜挎包 </name>
        <price>40</price>
        <detail>棕色大号</detail>
    </person>
    <person id="2">
        <name>ASOS英国代购 Hype 国内现货 学院黑色男女双肩背包书包 </name>
        <price>180</price>
        <detail>2015新款 Black</detail>
    </person>
    <person id="2">
        <name>2016新款韩版超薄女士钱包长款拉链欧美女式钱夹简约多卡位皮夹潮 </name>
        <price>35</price>
        <detail>黑色</detail>
    </person>
    <person id="2">
        <name>日系原宿双肩包背包男包韩版潮包中学生书包日韩学院风帆布电脑包 </name>
        <price>198</price>
        <detail>黑色</detail>
    </person>
    <person id="2">
        <name>韩版双肩包男士书包时尚潮流潮包大容量户外旅行背包15.6寸电脑包 </name>
        <price>336</price>
        <detail>灰色</detail>
    </person>
    <person id="2">
        <name>拉杆箱万向轮24寸铝框皮箱旅行箱女行李箱26寸包硬箱复古登机箱 </name>
        <price>228</price>
        <detail>银色</detail>
    </person>
    <person id="3">
        <name>共产党宣言（马列主义经典作家文库著作单行本）</name>
        <price>23</price>
        <detail>马克思 恩格斯 马克思主义哲学人文哲学 人民出版社 政治 新华书店正版畅销图书籍</detail>
    </person>
    <person id="3">
        <name>岁月沧桑 钱理群 文学 新华书店正版畅销图书籍 岁月沧桑/钱理群</name>
        <price>30</price>
        <detail> 新华书店正版畅销图书籍 岁月沧桑/钱理群</detail>
    </person>
    <person id="3">
        <name>王小波全集 现代/当代小说 文学畅销书籍 </name>
        <price>75</price>
        <detail>沉默的大多数+我的精神家园+一只特立独行的猪+黄金时代+白银时代+青铜时代三部曲作品集 </detail>
    </person>
    <person id="3">
        <name>摆渡人 麦克福尔著心灵治愈人性救赎之作 新华书店 正版 畅销书小说文学 </name>
        <price>23</price>
        <detail>摆渡人 现代/当代小说 麦克福尔著心灵治愈人性救赎之作</detail>
    </person>
    <person id="3">
        <name>证券从业资格教材2016年新版【全8本】</name>
        <price>60</price>
        <detail>【全8本】天一证券从业资格考试真题库用书试卷证券市场基本法律法规金融市场基础知识SAC资格证2017</detail>
    </person>
    <person id="3">
        <name>正版包邮 备考2016指南针法条国家必读法律法规汇编教学版全套8册 </name>
        <price>145</price>
        <detail>司法考试 畅销书籍 赠送2016国家思维导图上律指南针司</detail>
    </person>
    <person id="3">
        <name>正版星火六级2016年12月大学英语六级真题详解+标准预测新题型 CET6真题模拟</name>
        <price>27</price>
        <detail>词汇听力阅读作文英语六级考试通关大学英语6级真题精解</detail>
    </person>
    <person id="3">
        <name>新东方词汇Vocabulary Basic 6000 12000 23000全套4本 英语单词书 </name>
        <price>70</price>
        <detail>全新改版 涵盖TOEFL托福GRE雅思GMAT大学英语 四六级词汇</detail>
    </person>
    <person id="4">
        <name>正品Apple/苹果 9.7 英寸 iPad Pro WLAN 256GB超薄平板电脑 </name>
        <price>6088</price>
        <detail>玫瑰金</detail>
    </person>
    <person id="4">
        <name>Microsoft/微软Surface Book 512G独显平板笔记本电脑 </name>
        <price>8098</price>
        <detail>I7/16GB内存/1TB存储-独显</detail>
    </person>
    <person id="4">
        <name>64g Apple/苹果 iPhone SE全网通手机 </name>
        <price>3388</price>
        <detail>64GB 深空灰色 无需合约版</detail>
    </person>
    <person id="4">
        <name>Xiaomi/小米 小米5S 特供版大屏智能超声波指纹解锁金属拍照手机 </name>
        <price>1899</price>
        <detail>灰色 移动4G+联通4G+电信4G 32GB</detail>
    </person>
    <person id="4">
        <name>飞毛腿充电宝聚合物15000毫安手机通用移动电源10000超薄便携合金 </name>
        <price>99</price>
        <detail>蓝色</detail>
    </person>
    <person id="4">
        <name>ROMOSS/罗马仕sense6 20000M毫安充电宝 正品手机通用移动电源 </name>
        <price>99</price>
        <detail>白色</detail>
    </person>
    <person id="4">
        <name>小米手环2智能蓝牙防水跑步运动计步器睡眠心率检测器手表支持IOS </name>
        <price>149</price>
        <detail>黑色</detail>
    </person>
    <person id="4">
        <name>清华同方 LOL背光游戏键盘 台式电脑USB有线机械手感发光键盘网吧 </name>
        <price>59</price>
        <detail>黑色+三色背光+案件背光</detail>
    </person>
</persons>